ticker,sector,name,market,close_adjusted,return1,RS1,return5,RS5,return20,RS20,return60,RS60,RS_Score,turnover_20d_avg,turnover_today,passes
411080,IT 서비스,샌즈랩,KOSDAQ,8970,30.00000000,100.00000000,38.00000000,99.63570128,118.51400731,99.92714026,125.66037736,99.56284153,99.77413479,16016327181.95000076,58172029355.00000000,True
069540,전기·전자,빛과전자,KOSDAQ,5140,16.81818182,99.21675774,28.66082603,98.54280510,93.23308271,99.52641166,183.50799779,99.85428051,99.26593807,97272153499.44999695,165597666530.00000000,True
354320,금속,알멕,KOSDAQ,50800,15.98173516,98.94353370,29.59183673,98.72495446,88.84758364,99.30783242,84.05797101,98.14207650,98.86338798,7976481292.50000000,28213772525.00000000,True
327260,전기·전자,RF머트리얼즈,KOSDAQ,58800,10.52631579,97.68670310,29.23076923,98.65209472,73.96449704,98.43351548,151.88485264,99.74499089,98.68670310,53001001685.00000000,59058291800.00000000,True
042510,IT 서비스,라온시큐어,KOSDAQ,14870,25.80372250,99.74499089,26.55319149,98.06921676,74.53051643,98.50637523,106.24133148,99.12568306,98.62295082,20917703017.00000000,80801221420.00000000,True
217590,전기·전자,티엠씨,KOSPI,19390,5.15184382,91.76684882,40.20245842,99.67213115,92.55213505,99.38069217,74.37050360,96.90346084,98.21129326,36500842115.50000000,185054208800.00000000,True
036930,기계·장비,주성엔지니어링,KOSDAQ,283000,18.16283925,99.48998179,36.05769231,99.59927140,68.45238095,97.99635701,61.16173121,95.40983607,98.10928962,332313344542.50000000,952105354000.00000000,True
158430,IT 서비스,아톤,KOSDAQ,7150,25.65905097,99.70856102,26.32508834,98.03278689,59.59821429,97.48633880,79.19799499,97.59562842,97.89435337,18368926532.70000076,131679498020.00000000,True
263860,IT 서비스,지니언스,KOSDAQ,24500,15.29411765,98.76138434,28.07109252,98.39708561,54.08805031,96.75774135,97.10378117,98.87067395,97.87249545,11047443880.25000000,55782211825.00000000,True
043260,전기·전자,성호전자,KOSDAQ,32550,3.66242038,86.88524590,31.78137652,99.27140255,108.65384615,99.81785064,67.78350515,96.21129326,97.63934426,120945606196.00000000,125309848825.00000000,True
295310,금속,에이치브이엠,KOSDAQ,75900,8.89526542,96.64845173,30.63683305,99.01639344,80.49940547,99.01639344,47.66536965,92.93260474,97.56284153,10943179735.00000000,21053542250.00000000,True
488280,IT 서비스,에스투더블유,KOSDAQ,17860,9.36925903,97.01275046,18.67109635,95.08196721,92.87257019,99.45355191,73.73540856,96.83060109,97.37340619,17367429931.25000000,117961057810.00000000,True
232140,기계·장비,와이씨,KOSDAQ,18130,7.08800945,95.26411658,32.23924143,99.30783242,54.29787234,96.79417122,64.81818182,95.95628415,97.22768670,38936730636.00000000,63057864465.00000000,True
452190,기계·장비,한빛레이저,KOSDAQ,6550,6.33116883,94.09836066,20.62615101,96.24772313,73.97078353,98.46994536,77.98913043,97.41347905,97.15482696,23605569347.95000076,21650896500.00000000,True
160190,전기·전자,하이젠알앤엠,KOSDAQ,33950,16.66666667,99.14389800,15.47619048,92.34972678,102.44484198,99.67213115,84.71164309,98.17850638,97.12386157,11686084834.25000000,32046523250.00000000,True
072950,전기·전자,빛샘전자,KOSDAQ,17580,1.91304348,75.51912568,28.50877193,98.50637523,114.91442543,99.85428051,139.50953678,99.67213115,96.97996357,65397449520.50000000,35822938905.00000000,True
053800,IT 서비스,안랩,KOSDAQ,90200,15.05102041,98.72495446,21.07382550,96.46630237,58.52372583,97.26775956,67.34693878,96.10200364,96.93989071,8773930280.00000000,64778492750.00000000,True
161580,기계·장비,필옵틱스,KOSDAQ,43850,6.82095006,94.97267760,29.16053019,98.61566485,74.70119522,98.54280510,37.67660911,90.16393443,96.53187614,19584653961.25000000,20631348375.00000000,True
446540,전기·전자,메가터치,KOSDAQ,11650,6.97887971,95.19125683,15.92039801,92.75045537,72.08271787,98.28779599,104.02802102,99.01639344,96.46265938,10071120188.50000000,11360894620.00000000,True
020150,전기·전자,롯데에너지머티리얼즈,KOSPI,54400,6.45792564,94.35336976,28.90995261,98.57923497,52.59467041,96.46630237,51.95530726,94.02550091,96.40072860,14506926736.25000000,28691576000.00000000,True
052710,전기·전자,아모텍,KOSDAQ,22700,8.09523810,96.17486339,19.47368421,95.73770492,117.64141898,99.89071038,38.16189897,90.34608379,96.36429872,20390615693.00000000,20052992150.00000000,True
054920,IT 서비스,한컴위드,KOSDAQ,5590,11.57684631,98.06921676,17.80821918,94.35336976,52.94117647,96.53916211,79.74276527,97.63205829,96.25500911,15958613001.85000038,80589996305.00000000,True
192650,전기·전자,드림텍,KOSPI,9700,3.19148936,84.17122040,21.70639900,96.72131148,58.49673203,97.23132969,115.79532814,99.52641166,96.23132969,10998023169.00000000,10265045425.00000000,True
425040,화학,티이엠씨,KOSDAQ,15460,4.67163169,90.30965392,17.56653992,94.13479053,88.53658537,99.23497268,61.37787056,95.51912568,96.06921676,14158775862.25000000,12469819450.00000000,True
323280,기계·장비,태성,KOSDAQ,63000,4.30463576,89.36247723,31.52400835,99.19854281,44.99424626,95.26411658,64.27640156,95.88342441,95.97814208,19853483397.50000000,23759012000.00000000,True
253590,기계·장비,네오셈,KOSDAQ,16380,5.13478819,91.62112933,24.65753425,97.70491803,47.03770197,95.51912568,66.46341463,96.02914390,95.88706740,12277306455.50000000,28183704935.00000000,True
092870,기계·장비,엑시콘,KOSDAQ,54300,2.45283019,80.43715847,17.78741866,94.31693989,79.20792079,98.90710383,225.14970060,99.89071038,95.87978142,15287518905.00000000,16269298800.00000000,True
007810,전기·전자,코리아써키트,KOSPI,89300,7.72014475,95.91985428,28.30459770,98.46994536,73.73540856,98.39708561,29.60812772,86.26593807,95.74499089,39416976253.75000000,56779128450.00000000,True
353200,전기·전자,대덕전자,KOSPI,158100,5.96514745,93.40619308,29.90961380,98.83424408,55.61023622,96.97632058,35.47557841,89.07103825,95.59562842,128027067200.00000000,173924816450.00000000,True
100590,전기·전자,머큐리,KOSDAQ,6320,1.12000000,66.46630237,29.64102564,98.76138434,88.37555887,99.19854281,82.65895954,97.88706740,95.53187614,10734258298.95000076,23475885330.00000000,True
403870,기계·장비,HPSP,KOSDAQ,69600,5.13595166,91.65755920,25.63176895,97.92349727,38.64541833,93.95264117,67.71084337,96.17486339,95.35883424,142149515778.75000000,184036614500.00000000,True
005160,금속,동국산업,KOSDAQ,4105,3.53089533,86.04735883,17.45350501,93.98907104,62.89682540,97.77777778,74.68085106,97.01275046,95.31511840,11859651493.89999962,24060755811.00000000,True
033640,전기·전자,네패스,KOSDAQ,32800,3.14465409,83.93442623,22.84644195,97.23132969,52.20417633,96.35701275,58.83777240,95.11839709,95.12932605,6744881765.00000000,11833980725.00000000,True
138080,전기·전자,오이솔루션,KOSDAQ,33400,2.29709035,78.83424408,22.56880734,97.15846995,63.72549020,97.81420765,56.80751174,94.79052823,95.11475410,13477959286.25000000,20939116750.00000000,True
000250,제약,삼천당제약,KOSDAQ,246500,17.38095238,99.34426230,51.87923598,99.89071038,58.62290862,97.30418944,22.63681592,81.20218579,95.06375228,21996375305.00000000,80602028500.00000000,True
321370,전기·전자,센서뷰,KOSDAQ,2115,13.95474138,98.57923497,16.20879121,92.85974499,98.03370787,99.63570128,30.55555556,86.81238616,94.93260474,16838991418.00000000,27212148864.00000000,True
046970,유통,우리로,KOSDAQ,8630,3.47721823,85.53734062,13.55263158,90.23679417,82.83898305,99.08925319,85.19313305,98.21493625,94.90346084,52177238741.19999695,63056365355.00000000,True
115500,IT 서비스,케이씨에스,KOSDAQ,12760,17.17171717,99.30783242,15.47511312,92.31329690,51.54394299,96.28415301,50.11764706,93.55191257,94.84881603,7524361006.00000000,51481521975.00000000,True
042000,IT 서비스,카페24,KOSDAQ,22850,11.46341463,98.03278689,22.52010724,97.08561020,44.52877925,95.19125683,32.84883721,87.65027322,94.53551913,5434567774.00000000,21180940175.00000000,True
347700,IT 서비스,스피어,KOSDAQ,27050,9.51417004,97.19489982,21.30044843,96.53916211,45.58665231,95.37340619,31.95121951,87.21311475,94.27322404,31011075295.75000000,97073136675.00000000,True
